used,total,time,success
14,70,43.20522713661194,True
16,80,42.756510496139526,True
16,28,44.397148847579956,True
